f, Schwarz, Amelie, Amelie.Schwarz@school.de
f, Müller, Anna, Anna.Müller@school.de
m, Lehmann, Ben, Ben.Lehmann@school.de
f, König, Clara, Clara.König@school.de
f, Wagner, Emma, Emma.Wagner@school.de
m, Neumann, Felix, Felix.Neumann@school.de
m, Schäfer, Finn, Finn.Schäfer@school.de
m, Weber, Jonas, Jonas.Weber@school.de
f, Richter, Julia, Julia.Richter@school.de
f, Becker, Laura, Laura.Becker@school.de
f, Krüger, Lena, Lena.Krüger@school.de
m, Braun, Leon, Leon.Braun@school.de
f, Fischer, Lisa, Lisa.Fischer@school.de
m, Schäfer, Lukas, Lukas.Schäfer@school.de
f, Schneider, Maxi, Max.Schneider@school.de
f, Schmidt, Mia, Mia.Schmidt@school.de
m, Hartmann, Niklas, Niklas.Hartmann@school.de
f, Wolf, Nina, Nina.Wolf@school.de
m, Mayer, Paul, @school.de
f, Klein, Sarah, Sarah.Klein@school.de
f, Hoffmann, Sofia, Sofia.Hoffmann@school.de
m, Bauer, Tim, Tim.Bauer@school.de
m, Ziegler, Tom, Tom.Ziegler@school.de
